Workbook

Sheet Resumo
B2: Fila | C2: Cenário | D2: Servidores - C | E2: Capacidade - K | F2: Perdas (req) | G2: Utilização - U | H2: Tempo de Resposta - W (seg)
B3: Aplicação | C3: Caso 1 | D3: ='Aplicação (Caso 1)'!C2 -> 2 | E3: ='Aplicação (Caso 1)'!C3 -> 5 | F3: ='Aplicação (Caso 1)'!C21 -> 887 | G3: ='Aplicação (Caso 1)'!I8 -> 0.93147726 | H3: ='Aplicação (Caso 1)'!G8/'Aplicação (Caso 1)'!H8 * 60 -> 9.0247845
B4: Aplicação | C4: Caso 2 | D4: ='Aplicação (Caso 2)'!C2 -> 3 | E4: ='Aplicação (Caso 2)'!C3 -> 10 | F4: ='Aplicação (Caso 2)'!C26 -> 13 | G4: ='Aplicação (Caso 2)'!I13 -> 0.81079408 | H4: ='Aplicação (Caso 2)'!G13/'Aplicação (Caso 2)'!H13*60 -> 7.2186305
F5: =F4-F3 -> -874 | G5: =G4-G3 -> -0.12068318 | H5: =H4-H3 -> -1.806154
B8: Fila | C8: Cenário | D8: Servidores - C | E8: Capacidade - K | F8: Perdas (req) | G8: Utilização - U | H8: Tempo de Resposta - W (seg)
B9: Cache | C9: Caso 1 | D9: ='Cache (Caso 1)'!C2 -> 1 | E9: ='Cache (Caso 1)'!C3 -> 5 | F9: ='Cache (Caso 1)'!C21 -> 0 | G9: ='Cache (Caso 1)'!I8 -> 0.50133332 | H9: ='Cache (Caso 1)'!G8/'Cache (Caso 1)'!H8*60 -> 1.6481336
B10: Cache | C10: Caso 2 | D10: ='Cache (Caso 2)'!C2 -> 1 | E10: ='Cache (Caso 2)'!C3 -> 6 | F10: ='Cache (Caso 2)'!C22 -> 124 | G10: ='Cache (Caso 2)'!I9 -> 0.82896903 | H10: ='Cache (Caso 2)'!G9/'Cache (Caso 2)'!H9*60 -> 2.8160552
F11: =F10-F9 -> 124 | G11: =G10-G9 -> 0.32763571 | H11: =H10-H9 -> 1.1679216
B14: Fila | C14: Cenário | D14: Servidores - C | E14: Capacidade - K | F14: Perdas (req) | G14: Utilização - U | H14: Tempo de Resposta - W (seg)
B15: API | C15: Caso 1 | D15: ='API (Caso 1)'!C2 -> 3 | E15: ='API (Caso 1)'!C3 -> 20 | F15: ='API (Caso 1)'!C36 -> 3789 | G15: ='API (Caso 1)'!I23 -> 0.99948121 | H15: ='API (Caso 1)'!G23/'API (Caso 1)'!H23*60 -> 72.697367
B16: API | C16: Caso 2 | D16: ='API (Caso 2)'!C2 -> 6 | E16: ='API (Caso 2)'!C3 -> 20 | F16: ='API (Caso 2)'!C36 -> 741 | G16: ='API (Caso 2)'!I23 -> 0.99388603 | H16: ='API (Caso 2)'!G23/'API (Caso 2)'!H23*60 -> 29.654975
F17: =F16-F15 -> -3048 | G17: =G16-G15 -> -0.005595183 | H17: =H16-H15 -> -43.042392

Sheet Aplicação (Caso 1)
B1: Aplicação | C1: G/G/2/5 | E1: i | F1: Probabilidade | G1: N (requisições) | H1: D (req./min) | I1: U | J1: W (minuto)
B2: C | C2: 2 | E2: 0 | F2: =C13/$C$19 -> 0.009904779 | G2: =F2*E2 -> 0 | H2: =F2 * MIN(E2,$C$2) * $C$4 -> 0 | I2: =F2 * (MIN(E2,$C$2) / $C$2) -> 0 | J2: =G8/H8 -> 0.15041307
B3: K | C3: 5 | E3: 1 | F3: =C14/$C$19 -> 0.11723592 | G3: =F3*E3 -> 0.11723592 | H3: =F3 * MIN(E3,$C$2) * $C$4 -> 1.2233314 | I3: =F3 * (MIN(E3,$C$2) / $C$2) -> 0.058617962
B4: MU | C4: =60/C9 -> 10.434783 | E4: 2 | F4: =C15/$C$19 -> 0.24771188 | G4: =F4*E4 -> 0.49542377 | H4: =F4 * MIN(E4,$C$2) * $C$4 -> 5.1696393 | I4: =F4 * (MIN(E4,$C$2) / $C$2) -> 0.24771188
C5: requisições por minuto | E5: 3 | F5: =C16/$C$19 -> 0.29068216 | G5: =F5*E5 -> 0.87204647 | H5: =F5 * MIN(E5,$C$2) * $C$4 -> 6.0664102 | I5: =F5 * (MIN(E5,$C$2) / $C$2) -> 0.29068216 | J5: equivale a
E6: 4 | F6: =C17/$C$19 -> 0.23307366 | G6: =F6*E6 -> 0.93229466 | H6: =F6 * MIN(E6,$C$2) * $C$4 -> 4.864146 | I6: =F6 * (MIN(E6,$C$2) / $C$2) -> 0.23307366 | J6: =J2*60 -> 9.0247845
B7: Tempo mín: | C7: 2.5 | E7: 5 | F7: =C18/$C$19 -> 0.10139159 | G7: =F7*E7 -> 0.50695797 | H7: =F7 * MIN(E7,$C$2) * $C$4 -> 2.1159985 | I7: =F7 * (MIN(E7,$C$2) / $C$2) -> 0.10139159
B8: Tempo máx: | C8: 9 | E8: Total | F8: =SUM(F2:F7) -> 1 | G8: =SUM(G2:G7) -> 2.9239588 | H8: =SUM(H2:H7) -> 19.439525 | I8: =SUM(I2:I7) -> 0.93147726 | J8: segundos
B9: Tempo médio: | C9: =(C7+C8) / 2 -> 5.75
B10: tempo em segundos
B12: i | C12: Tempo (segundos)
B13: 0 | C13: 446.378
B14: 1 | C14: 5283.4634
B15: 2 | C15: 11163.614
B16: 3 | C16: 13100.153
B17: 4 | C17: 10503.915
B18: 5 | C18: 4569.408
B19: Total | C19: =SUM(C13:C18) -> 45066.932
B21: Perdas | C21: 887

Sheet Cache (Caso 1)
B1: Cache | C1: G/G/1/5 | E1: i | F1: Probabilidade | G1: N (requisições) | H1: D (req./min) | I1: U | J1: W (minuto)
B2: C | C2: 1 | E2: 0 | F2: =C13/$C$19 -> 0.49866668 | G2: =F2*E2 -> 0 | H2: =F2 * MIN(E2,$C$2) * $C$4 -> 0 | I2: =F2 * (MIN(E2,$C$2) / $C$2) -> 0 | J2: =G8/H8 -> 0.027468893
B3: K | C3: 5 | E3: 1 | F3: =C14/$C$19 -> 0.36325063 | G3: =F3*E3 -> 0.36325063 | H3: =F3 * MIN(E3,$C$2) * $C$4 -> 17.43603 | I3: =F3 * (MIN(E3,$C$2) / $C$2) -> 0.36325063
B4: MU | C4: =60/C9 -> 48 | E4: 2 | F4: =C15/$C$19 -> 0.11791768 | G4: =F4*E4 -> 0.23583535 | H4: =F4 * MIN(E4,$C$2) * $C$4 -> 5.6600485 | I4: =F4 * (MIN(E4,$C$2) / $C$2) -> 0.11791768
C5: requisições por minuto | E5: 3 | F5: =C16/$C$19 -> 0.018757219 | G5: =F5*E5 -> 0.056271656 | H5: =F5 * MIN(E5,$C$2) * $C$4 -> 0.9003465 | I5: =F5 * (MIN(E5,$C$2) / $C$2) -> 0.018757219 | J5: equivale a
E6: 4 | F6: =C17/$C$19 -> 0.0013851842 | G6: =F6*E6 -> 0.0055407366 | H6: =F6 * MIN(E6,$C$2) * $C$4 -> 0.06648884 | I6: =F6 * (MIN(E6,$C$2) / $C$2) -> 0.0013851842 | J6: =J2*60 -> 1.6481336
B7: Tempo mín: | C7: 0.5 | E7: 5 | F7: =C18/$C$19 -> 2.2608595e-05 | G7: =F7*E7 -> 0.00011304297 | H7: =F7 * MIN(E7,$C$2) * $C$4 -> 0.0010852126 | I7: =F7 * (MIN(E7,$C$2) / $C$2) -> 2.2608595e-05
B8: Tempo máx: | C8: 2 | E8: Total | F8: =SUM(F2:F7) -> 1 | G8: =SUM(G2:G7) -> 0.66101142 | H8: =SUM(H2:H7) -> 24.063999 | I8: =SUM(I2:I7) -> 0.50133332 | J8: segundos
B9: Tempo médio: | C9: =(C7+C8) / 2 -> 1.25
B10: tempo em segundos
B12: i | C12: Tempo (segundos)
B13: 0 | C13: 22473.377
B14: 1 | C14: 16370.591
B15: 2 | C15: 5314.1879
B16: 3 | C16: 845.3303
B17: 4 | C17: 62.426
B18: 5 | C18: 1.0189
B19: Total | C19: =SUM(C13:C18) -> 45066.932
B21: Perdas | C21: 0

Sheet API (Caso 1)
B1: API | C1: G/G/3/20 | E1: i | F1: Probabilidade | G1: N (requisições) | H1: D (req./min) | I1: U | J1: W (minuto)
B2: C | C2: 3 | E2: 0 | F2: =C13/$C$34 -> 0.00019636793 | G2: =F2*E2 -> 0 | H2: =F2 * MIN(E2,$C$2) * $C$4 -> 0 | I2: =F2 * (MIN(E2,$C$2) / $C$2) -> 0 | J2: =G23/H23 -> 1.2116228
B3: K | C3: 20 | E3: 1 | F3: =C14/$C$34 -> 0.00039703835 | G3: =F3*E3 -> 0.00039703835 | H3: =F3 * MIN(E3,$C$2) * $C$4 -> 0.0020715044 | I3: =F3 * (MIN(E3,$C$2) / $C$2) -> 0.00013234612
B4: MU | C4: =60/C9 -> 5.2173913 | E4: 2 | F4: =C15/$C$34 -> 0.00017318685 | G4: =F4*E4 -> 0.0003463737 | H4: =F4 * MIN(E4,$C$2) * $C$4 -> 0.0018071671 | I4: =F4 * (MIN(E4,$C$2) / $C$2) -> 0.0001154579
C5: requisições por minuto | E5: 3 | F5: =C16/$C$34 -> 0.00069282285 | G5: =F5*E5 -> 0.0020784686 | H5: =F5 * MIN(E5,$C$2) * $C$4 -> 0.010844184 | I5: =F5 * (MIN(E5,$C$2) / $C$2) -> 0.00069282285
E6: 4 | F6: =C17/$C$34 -> 0.00098123831 | G6: =F6*E6 -> 0.0039249533 | H6: =F6 * MIN(E6,$C$2) * $C$4 -> 0.015358513 | I6: =F6 * (MIN(E6,$C$2) / $C$2) -> 0.00098123831
B7: Tempo mín: | C7: 5 | E7: 5 | F7: =C18/$C$34 -> 0.00075126038 | G7: =F7*E7 -> 0.0037563019 | H7: =F7 * MIN(E7,$C$2) * $C$4 -> 0.011758858 | I7: =F7 * (MIN(E7,$C$2) / $C$2) -> 0.00075126038
B8: Tempo máx: | C8: 18 | E8: 6 | F8: =C19/$C$34 -> 0.00022464587 | G8: =F8*E8 -> 0.0013478752 | H8: =F8 * MIN(E8,$C$2) * $C$4 -> 0.0035161962 | I8: =F8 * (MIN(E8,$C$2) / $C$2) -> 0.00022464587
B9: Tempo médio: | C9: =(C7+C8) / 2 -> 11.5 | E9: 7 | F9: =C20/$C$34 -> 0.00010742688 | G9: =F9*E9 -> 0.00075198818 | H9: =F9 * MIN(E9,$C$2) * $C$4 -> 0.0016814643 | I9: =F9 * (MIN(E9,$C$2) / $C$2) -> 0.00010742688
B10: tempo em segundos | E10: 8 | F10: =C21/$C$34 -> 0.0001418823 | G10: =F10*E10 -> 0.0011350584 | H10: =F10 * MIN(E10,$C$2) * $C$4 -> 0.0022207665 | I10: =F10 * (MIN(E10,$C$2) / $C$2) -> 0.0001418823
E11: 9 | F11: =C22/$C$34 -> 0.00025645855 | G11: =F11*E11 -> 0.002308127 | H11: =F11 * MIN(E11,$C$2) * $C$4 -> 0.0040141339 | I11: =F11 * (MIN(E11,$C$2) / $C$2) -> 0.00025645855
B12: i | C12: Tempo (segundos) | E12: 10 | F12: =C23/$C$34 -> 0.00019228733 | G12: =F12*E12 -> 0.0019228733 | H12: =F12 * MIN(E12,$C$2) * $C$4 -> 0.0030097147 | I12: =F12 * (MIN(E12,$C$2) / $C$2) -> 0.00019228733
B13: 0 | C13: 8.8497 | E13: 11 | F13: =C24/$C$34 -> 0.00015176316 | G13: =F13*E13 -> 0.0016693948 | H13: =F13 * MIN(E13,$C$2) * $C$4 -> 0.0023754234 | I13: =F13 * (MIN(E13,$C$2) / $C$2) -> 0.00015176316
B14: 1 | C14: 17.8933 | E14: 12 | F14: =C25/$C$34 -> 0.00023152896 | G14: =F14*E14 -> 0.0027783476 | H14: =F14 * MIN(E14,$C$2) * $C$4 -> 0.0036239316 | I14: =F14 * (MIN(E14,$C$2) / $C$2) -> 0.00023152896
B15: 2 | C15: 7.805 | E15: 13 | F15: =C26/$C$34 -> 0.00035012368 | G15: =F15*E15 -> 0.0045516079 | H15: =F15 * MIN(E15,$C$2) * $C$4 -> 0.0054801968 | I15: =F15 * (MIN(E15,$C$2) / $C$2) -> 0.00035012368
B16: 3 | C16: 31.2234 | E16: 14 | F16: =C27/$C$34 -> 0.0016732624 | G16: =F16*E16 -> 0.023425673 | H16: =F16 * MIN(E16,$C$2) * $C$4 -> 0.026190193 | I16: =F16 * (MIN(E16,$C$2) / $C$2) -> 0.0016732624
B17: 4 | C17: 44.2214 | E17: 15 | F17: =C28/$C$34 -> 0.0056544764 | G17: =F17*E17 -> 0.084817146 | H17: =F17 * MIN(E17,$C$2) * $C$4 -> 0.088504848 | I17: =F17 * (MIN(E17,$C$2) / $C$2) -> 0.0056544764
B18: 5 | C18: 33.857 | E18: 16 | F18: =C29/$C$34 -> 0.019436979 | G18: =F18*E18 -> 0.31099166 | H18: =F18 * MIN(E18,$C$2) * $C$4 -> 0.30423097 | I18: =F18 * (MIN(E18,$C$2) / $C$2) -> 0.019436979
B19: 6 | C19: 10.1241 | E19: 17 | F19: =C30/$C$34 -> 0.059028929 | G19: =F19*E19 -> 1.0034918 | H19: =F19 * MIN(E19,$C$2) * $C$4 -> 0.92393106 | I19: =F19 * (MIN(E19,$C$2) / $C$2) -> 0.059028929
B20: 7 | C20: 4.8414 | E20: 18 | F20: =C31/$C$34 -> 0.17239371 | G20: =F20*E20 -> 3.1030868 | H20: =F20 * MIN(E20,$C$2) * $C$4 -> 2.6983364 | I20: =F20 * (MIN(E20,$C$2) / $C$2) -> 0.17239371 | J20: equivale a
B21: 8 | C21: 6.3942 | E21: 19 | F21: =C32/$C$34 -> 0.33738174 | G21: =F21*E21 -> 6.410253 | H21: =F21 * MIN(E21,$C$2) * $C$4 -> 5.2807576 | I21: =F21 * (MIN(E21,$C$2) / $C$2) -> 0.33738174 | J21: =J2*60 -> 72.697367
B22: 9 | C22: 11.5578 | E22: 20 | F22: =C33/$C$34 -> 0.39958287 | G22: =F22*E22 -> 7.9916575 | H22: =F22 * MIN(E22,$C$2) * $C$4 -> 6.2543406 | I22: =F22 * (MIN(E22,$C$2) / $C$2) -> 0.39958287
B23: 10 | C23: 8.6658 | E23: Total | F23: =SUM(F2:F22) -> 1 | G23: =SUM(G2:G22) -> 18.954692 | H23: =SUM(H2:H22) -> 15.644054 | I23: =SUM(I2:I22) -> 0.99948121 | J23: segundos
B24: 11 | C24: 6.8395
B25: 12 | C25: 10.4343
B26: 13 | C26: 15.779
B27: 14 | C27: 75.4088
B28: 15 | C28: 254.8299
B29: 16 | C29: 875.965
B30: 17 | C30: 2660.2527
B31: 18 | C31: 7769.2557
B32: 19 | C32: 15204.76
B33: 20 | C33: 18007.974
B34: Total | C34: =SUM(C13:C33) -> 45066.932
B36: Perdas | C36: 3789

Sheet Aplicação (Caso 2)
B1: Aplicação | C1: G/G/3/10 | E1: i | F1: Probabilidade | G1: N (requisições) | H1: D (req./min) | I1: U | J1: W (minuto)
B2: C | C2: 3 | E2: 0 | F2: =C13/$C$24 -> 0.01243183 | G2: =F2*E2 -> 0 | H2: =F2 * MIN(E2,$C$2) * $C$4 -> 0 | I2: =F2 * (MIN(E2,$C$2) / $C$2) -> 0 | J2: =G13/H13 -> 0.12031051
B3: K | C3: 10 | E3: 1 | F3: =C14/$C$24 -> 0.13225911 | G3: =F3*E3 -> 0.13225911 | H3: =F3 * MIN(E3,$C$2) * $C$4 -> 1.380095 | I3: =F3 * (MIN(E3,$C$2) / $C$2) -> 0.044086369
B4: MU | C4: =60/C9 -> 10.434783 | E4: 2 | F4: =C15/$C$24 -> 0.26580405 | G4: =F4*E4 -> 0.5316081 | H4: =F4 * MIN(E4,$C$2) * $C$4 -> 5.5472149 | I4: =F4 * (MIN(E4,$C$2) / $C$2) -> 0.1772027
C5: requisições por minuto | E5: 3 | F5: =C16/$C$24 -> 0.25417186 | G5: =F5*E5 -> 0.76251559 | H5: =F5 * MIN(E5,$C$2) * $C$4 -> 7.9566844 | I5: =F5 * (MIN(E5,$C$2) / $C$2) -> 0.25417186
E6: 4 | F6: =C17/$C$24 -> 0.17064486 | G6: =F6*E6 -> 0.68257945 | H6: =F6 * MIN(E6,$C$2) * $C$4 -> 5.3419261 | I6: =F6 * (MIN(E6,$C$2) / $C$2) -> 0.17064486
B7: Tempo mín: | C7: 2.5 | E7: 5 | F7: =C18/$C$24 -> 0.092035006 | G7: =F7*E7 -> 0.46017503 | H7: =F7 * MIN(E7,$C$2) * $C$4 -> 2.8810958 | I7: =F7 * (MIN(E7,$C$2) / $C$2) -> 0.092035006
B8: Tempo máx: | C8: 9 | E8: 6 | F8: =C19/$C$24 -> 0.042452239 | G8: =F8*E8 -> 0.25471344 | H8: =F8 * MIN(E8,$C$2) * $C$4 -> 1.3289397 | I8: =F8 * (MIN(E8,$C$2) / $C$2) -> 0.042452239
B9: Tempo médio: | C9: =(C7+C8) / 2 -> 5.75 | E9: 7 | F9: =C20/$C$24 -> 0.017275648 | G9: =F9*E9 -> 0.12092954 | H9: =F9 * MIN(E9,$C$2) * $C$4 -> 0.5408029 | I9: =F9 * (MIN(E9,$C$2) / $C$2) -> 0.017275648
B10: tempo em segundos | E10: 8 | F10: =C21/$C$24 -> 0.008632923 | G10: =F10*E10 -> 0.069063384 | H10: =F10 * MIN(E10,$C$2) * $C$4 -> 0.27024802 | I10: =F10 * (MIN(E10,$C$2) / $C$2) -> 0.008632923 | J10: equivale a
E11: 9 | F11: =C22/$C$24 -> 0.0031216252 | G11: =F11*E11 -> 0.028094627 | H11: =F11 * MIN(E11,$C$2) * $C$4 -> 0.097720441 | I11: =F11 * (MIN(E11,$C$2) / $C$2) -> 0.0031216252 | J11: =J2*60 -> 7.2186305
B12: i | C12: Tempo (segundos) | E12: 10 | F12: =C23/$C$24 -> 0.0011708476 | G12: =F12*E12 -> 0.011708476 | H12: =F12 * MIN(E12,$C$2) * $C$4 -> 0.03665262 | I12: =F12 * (MIN(E12,$C$2) / $C$2) -> 0.0011708476
B13: 0 | C13: 359.5528 | E13: Total | F13: =SUM(F2:F12) -> 1 | G13: =SUM(G2:G12) -> 3.0536467 | H13: =SUM(H2:H12) -> 25.38138 | I13: =SUM(I2:I12) -> 0.81079408 | J13: segundos
B14: 1 | C14: 3825.1918
B15: 2 | C15: 7687.5724
B16: 3 | C16: 7351.1469
B17: 4 | C17: 4935.3828
B18: 5 | C18: 2661.8322
B19: 6 | C19: 1227.8017
B20: 7 | C20: 499.6455
B21: 8 | C21: 249.681
B22: 9 | C22: 90.2835
B23: 10 | C23: 33.8632
B24: Total | C24: =SUM(C13:C23) -> 28921.954
B26: Perdas | C26: 13

Sheet Cache (Caso 2)
B1: Cache | C1: G/G/1/6 | E1: i | F1: Probabilidade | G1: N (requisições) | H1: D (req./min) | I1: U | J1: W (minuto)
B2: C | C2: 1 | E2: 0 | F2: =C13/$C$20 -> 0.17103097 | G2: =F2*E2 -> 0 | H2: =F2 * MIN(E2,$C$2) * $C$4 -> 0 | I2: =F2 * (MIN(E2,$C$2) / $C$2) -> 0 | J2: =G9/H9 -> 0.046934253
B3: K | C3: 6 | E3: 1 | F3: =C14/$C$20 -> 0.27683531 | G3: =F3*E3 -> 0.27683531 | H3: =F3 * MIN(E3,$C$2) * $C$4 -> 13.288095 | I3: =F3 * (MIN(E3,$C$2) / $C$2) -> 0.27683531
B4: MU | C4: =60/C9 -> 48 | E4: 2 | F4: =C15/$C$20 -> 0.25416788 | G4: =F4*E4 -> 0.50833577 | H4: =F4 * MIN(E4,$C$2) * $C$4 -> 12.200058 | I4: =F4 * (MIN(E4,$C$2) / $C$2) -> 0.25416788
C5: requisições por minuto | E5: 3 | F5: =C16/$C$20 -> 0.16592855 | G5: =F5*E5 -> 0.49778565 | H5: =F5 * MIN(E5,$C$2) * $C$4 -> 7.9645705 | I5: =F5 * (MIN(E5,$C$2) / $C$2) -> 0.16592855
E6: 4 | F6: =C17/$C$20 -> 0.08498551 | G6: =F6*E6 -> 0.33994204 | H6: =F6 * MIN(E6,$C$2) * $C$4 -> 4.0793045 | I6: =F6 * (MIN(E6,$C$2) / $C$2) -> 0.08498551 | J6: equivale a
B7: Tempo mín: | C7: 0.5 | E7: 5 | F7: =C18/$C$20 -> 0.037671369 | G7: =F7*E7 -> 0.18835685 | H7: =F7 * MIN(E7,$C$2) * $C$4 -> 1.8082257 | I7: =F7 * (MIN(E7,$C$2) / $C$2) -> 0.037671369 | J7: =J2*60 -> 2.8160552
B8: Tempo máx: | C8: 2 | E8: 6 | F8: =C19/$C$20 -> 0.0093804002 | G8: =F8*E8 -> 0.056282401 | H8: =F8 * MIN(E8,$C$2) * $C$4 -> 0.45025921 | I8: =F8 * (MIN(E8,$C$2) / $C$2) -> 0.0093804002
B9: Tempo médio: | C9: =(C7+C8) / 2 -> 1.25 | E9: Total | F9: =SUM(F2:F8) -> 1 | G9: =SUM(G2:G8) -> 1.867538 | H9: =SUM(H2:H8) -> 39.790513 | I9: =SUM(I2:I8) -> 0.82896903 | J9: segundos
B10: tempo em segundos
B12: i | C12: Tempo (segundos)
B13: 0 | C13: 4946.5499
B14: 1 | C14: 8006.6181
B15: 2 | C15: 7351.0318
B16: 3 | C16: 4798.9779
B17: 4 | C17: 2457.947
B18: 5 | C18: 1089.5296
B19: 6 | C19: 271.2995
B20: Total | C20: =SUM(C13:C19) -> 28921.954
B22: Perdas | C22: 124

Sheet API (Caso 2)
B1: API | C1: G/G/6/20 | E1: i | F1: Probabilidade | G1: N (requisições) | H1: D (req./min) | I1: U | J1: W (minuto)
B2: C | C2: 6 | E2: 0 | F2: =C13/$C$34 -> 0.00025418062 | G2: =F2*E2 -> 0 | H2: =F2 * MIN(E2,$C$2) * $C$4 -> 0 | I2: =F2 * (MIN(E2,$C$2) / $C$2) -> 0 | J2: =G23/H23 -> 0.49424958
B3: K | C3: 20 | E3: 1 | F3: =C14/$C$34 -> 0.00031715354 | G3: =F3*E3 -> 0.00031715354 | H3: =F3 * MIN(E3,$C$2) * $C$4 -> 0.0016547141 | I3: =F3 * (MIN(E3,$C$2) / $C$2) -> 5.2858924e-05
B4: MU | C4: =60/C9 -> 5.2173913 | E4: 2 | F4: =C15/$C$34 -> 0.00051241352 | G4: =F4*E4 -> 0.001024827 | H4: =F4 * MIN(E4,$C$2) * $C$4 -> 0.0053469237 | I4: =F4 * (MIN(E4,$C$2) / $C$2) -> 0.00017080451
C5: requisições por minuto | E5: 3 | F5: =C16/$C$34 -> 0.0027878615 | G5: =F5*E5 -> 0.0083635844 | H5: =F5 * MIN(E5,$C$2) * $C$4 -> 0.043636093 | I5: =F5 * (MIN(E5,$C$2) / $C$2) -> 0.0013939307
E6: 4 | F6: =C17/$C$34 -> 0.0060131761 | G6: =F6*E6 -> 0.024052704 | H6: =F6 * MIN(E6,$C$2) * $C$4 -> 0.12549237 | I6: =F6 * (MIN(E6,$C$2) / $C$2) -> 0.0040087841
B7: Tempo mín: | C7: 5 | E7: 5 | F7: =C18/$C$34 -> 0.01113339 | G7: =F7*E7 -> 0.055666952 | H7: =F7 * MIN(E7,$C$2) * $C$4 -> 0.29043627 | I7: =F7 * (MIN(E7,$C$2) / $C$2) -> 0.0092778253
B8: Tempo máx: | C8: 18 | E8: 6 | F8: =C19/$C$34 -> 0.017366213 | G8: =F8*E8 -> 0.10419728 | H8: =F8 * MIN(E8,$C$2) * $C$4 -> 0.54363797 | I8: =F8 * (MIN(E8,$C$2) / $C$2) -> 0.017366213
B9: Tempo médio: | C9: =(C7+C8) / 2 -> 11.5 | E9: 7 | F9: =C20/$C$34 -> 0.020479121 | G9: =F9*E9 -> 0.14335385 | H9: =F9 * MIN(E9,$C$2) * $C$4 -> 0.64108554 | I9: =F9 * (MIN(E9,$C$2) / $C$2) -> 0.020479121
B10: tempo em segundos | E10: 8 | F10: =C21/$C$34 -> 0.021394813 | G10: =F10*E10 -> 0.17115851 | H10: =F10 * MIN(E10,$C$2) * $C$4 -> 0.66975068 | I10: =F10 * (MIN(E10,$C$2) / $C$2) -> 0.021394813
E11: 9 | F11: =C22/$C$34 -> 0.025873605 | G11: =F11*E11 -> 0.23286244 | H11: =F11 * MIN(E11,$C$2) * $C$4 -> 0.80995633 | I11: =F11 * (MIN(E11,$C$2) / $C$2) -> 0.025873605
B12: i | C12: Tempo (segundos) | E12: 10 | F12: =C23/$C$34 -> 0.028967497 | G12: =F12*E12 -> 0.28967497 | H12: =F12 * MIN(E12,$C$2) * $C$4 -> 0.9068086 | I12: =F12 * (MIN(E12,$C$2) / $C$2) -> 0.028967497
B13: 0 | C13: 7.3514 | E13: 11 | F13: =C24/$C$34 -> 0.031810652 | G13: =F13*E13 -> 0.34991717 | H13: =F13 * MIN(E13,$C$2) * $C$4 -> 0.99581171 | I13: =F13 * (MIN(E13,$C$2) / $C$2) -> 0.031810652
B14: 1 | C14: 9.1727 | E14: 12 | F14: =C25/$C$34 -> 0.035253974 | G14: =F14*E14 -> 0.42304769 | H14: =F14 * MIN(E14,$C$2) * $C$4 -> 1.1036027 | I14: =F14 * (MIN(E14,$C$2) / $C$2) -> 0.035253974
B15: 2 | C15: 14.82 | E15: 13 | F15: =C26/$C$34 -> 0.046979741 | G15: =F15*E15 -> 0.61073664 | H15: =F15 * MIN(E15,$C$2) * $C$4 -> 1.4706702 | I15: =F15 * (MIN(E15,$C$2) / $C$2) -> 0.046979741
B16: 3 | C16: 80.6304 | E16: 14 | F16: =C27/$C$34 -> 0.059447468 | G16: =F16*E16 -> 0.83226455 | H16: =F16 * MIN(E16,$C$2) * $C$4 -> 1.8609642 | I16: =F16 * (MIN(E16,$C$2) / $C$2) -> 0.059447468
B17: 4 | C17: 173.9128 | E17: 15 | F17: =C28/$C$34 -> 0.082469685 | G17: =F17*E17 -> 1.2370453 | H17: =F17 * MIN(E17,$C$2) * $C$4 -> 2.5816597 | I17: =F17 * (MIN(E17,$C$2) / $C$2) -> 0.082469685
B18: 5 | C18: 321.9994 | E18: 16 | F18: =C29/$C$34 -> 0.11063666 | G18: =F18*E18 -> 1.7701866 | H18: =F18 * MIN(E18,$C$2) * $C$4 -> 3.4634085 | I18: =F18 * (MIN(E18,$C$2) / $C$2) -> 0.11063666
B19: 6 | C19: 502.2648 | E19: 17 | F19: =C30/$C$34 -> 0.13686227 | G19: =F19*E19 -> 2.3266585 | H19: =F19 * MIN(E19,$C$2) * $C$4 -> 4.284384 | I19: =F19 * (MIN(E19,$C$2) / $C$2) -> 0.13686227
B20: 7 | C20: 592.2962 | E20: 18 | F20: =C31/$C$34 -> 0.15089754 | G20: =F20*E20 -> 2.7161558 | H20: =F20 * MIN(E20,$C$2) * $C$4 -> 4.7237491 | I20: =F20 * (MIN(E20,$C$2) / $C$2) -> 0.15089754 | J20: equivale a
B21: 8 | C21: 618.7798 | E21: 19 | F21: =C32/$C$34 -> 0.12997169 | G21: =F21*E21 -> 2.4694621 | H21: =F21 * MIN(E21,$C$2) * $C$4 -> 4.0686789 | I21: =F21 * (MIN(E21,$C$2) / $C$2) -> 0.12997169 | J21: =J2*60 -> 29.654975
B22: 9 | C22: 748.3152 | E22: 20 | F22: =C33/$C$34 -> 0.080570899 | G22: =F22*E22 -> 1.611418 | H22: =F22 * MIN(E22,$C$2) * $C$4 -> 2.5222194 | I22: =F22 * (MIN(E22,$C$2) / $C$2) -> 0.080570899
B23: 10 | C23: 837.7966 | E23: Total | F23: =SUM(F2:F22) -> 1 | G23: =SUM(G2:G22) -> 15.377564 | H23: =SUM(H2:H22) -> 31.112954 | I23: =SUM(I2:I22) -> 0.99388603 | J23: segundos
B24: 11 | C24: 920.0262
B25: 12 | C25: 1019.6138
B26: 13 | C26: 1358.7459
B27: 14 | C27: 1719.3369
B28: 15 | C28: 2385.1844
B29: 16 | C29: 3199.8284
B30: 17 | C30: 3958.3241
B31: 18 | C31: 4364.2517
B32: 19 | C32: 3759.0351
B33: 20 | C33: 2330.2678
B34: Total | C34: =SUM(C13:C33) -> 28921.954
B36: Perdas | C36: 741
